{
  "n": 366,
  "PR_AUC": 0.6065573770491803,
  "ROC_AUC": 0.5,
  "F1@0.5": 0.7551020408163265,
  "BalancedAccuracy@0.5": 0.5,
  "ConfusionMatrix@0.5": {
    "tn": 0,
    "fp": 144,
    "fn": 0,
    "tp": 222
  },
  "ClassificationReport@0.5": {
    "0": {
      "precision": 0.0,
      "recall": 0.0,
      "f1-score": 0.0,
      "support": 144.0
    },
    "1": {
      "precision": 0.6065573770491803,
      "recall": 1.0,
      "f1-score": 0.7551020408163265,
      "support": 222.0
    },
    "accuracy": 0.6065573770491803,
    "macro avg": {
      "precision": 0.30327868852459017,
      "recall": 0.5,
      "f1-score": 0.37755102040816324,
      "support": 366.0
    },
    "weighted avg": {
      "precision": 0.3679118516527815,
      "recall": 0.6065573770491803,
      "f1-score": 0.45801271328203413,
      "support": 366.0
    }
  }
}